{
  "ca": {
    "639-2": "cat",
    "gloss_source": null,
    "has_trf": true,
    "name": "Catalan",
    "spacy": "ca_core_news_"
  },
  "da": {
    "639-2": "dan",
    "gloss_source": null,
    "has_trf": true,
    "name": "Danish",
    "spacy": "da_core_news_"
  },
  "de": {
    "639-2": "deu",
    "gloss_source": "dbnary",
    "has_trf": false,
    "lemma_languages": [
      "de"
    ],
    "name": "German",
    "spacy": "de_core_news_"
  },
  "el": {
    "639-2": "ell",
    "gloss_source": "dbnary",
    "has_trf": false,
    "lemma_languages": [
      "el",
      "en",
      "fr"
    ],
    "name": "Greek",
    "spacy": "el_core_news_"
  },
  "en": {
    "639-2": "eng",
    "gloss_source": "kaikki",
    "has_trf": true,
    "lemma_languages": [
      "ca",
      "da",
      "de",
      "el",
      "en",
      "es",
      "fi",
      "fr",
      "hr",
      "it",
      "ja",
      "ko",
      "lt",
      "mk",
      "nl",
      "no",
      "pl",
      "pt",
      "ro",
      "ru",
      "sv",
      "uk",
      "zh"
    ],
    "name": "English",
    "spacy": "en_core_web_"
  },
  "es": {
    "639-2": "spa",
    "gloss_source": "dbnary",
    "has_trf": false,
    "lemma_languages": [
      "en",
      "es"
    ],
    "name": "Spanish",
    "spacy": "es_core_news_"
  },
  "fi": {
    "639-2": "fin",
    "gloss_source": "dbnary",
    "has_trf": false,
    "lemma_languages": [
      "fi"
    ],
    "name": "Finnish",
    "spacy": "fi_core_news_"
  },
  "fr": {
    "639-2": "fra",
    "gloss_source": "dbnary",
    "has_trf": false,
    "lemma_languages": [
      "ca",
      "da",
      "de",
      "el",
      "en",
      "es",
      "fi",
      "fr",
      "hr",
      "it",
      "ja",
      "ko",
      "lt",
      "mk",
      "nl",
      "no",
      "pl",
      "pt",
      "ro",
      "ru",
      "sv",
      "uk",
      "zh"
    ],
    "name": "French",
    "spacy": "fr_core_news_"
  },
  "hr": {
    "639-2": "hrv",
    "gloss_source": "dbnary",
    "has_trf": false,
    "lemma_languages": [
      "hr"
    ],
    "name": "Serbo-Croatian",
    "spacy": "hr_core_news_"
  },
  "it": {
    "639-2": "ita",
    "gloss_source": "dbnary",
    "has_trf": false,
    "lemma_languages": [
      "en",
      "it"
    ],
    "name": "Italian",
    "spacy": "it_core_news_"
  },
  "ja": {
    "639-2": "jpn",
    "gloss_source": "dbnary",
    "has_trf": true,
    "lemma_languages": [
      "ja"
    ],
    "name": "Japanese",
    "spacy": "ja_core_news_"
  },
  "ko": {
    "639-2": "kor",
    "gloss_source": null,
    "has_trf": false,
    "name": "Korean",
    "spacy": "ko_core_news_"
  },
  "lt": {
    "639-2": "lit",
    "gloss_source": "dbnary",
    "has_trf": false,
    "lemma_languages": [
      "lt"
    ],
    "name": "Lithuanian",
    "spacy": "lt_core_news_"
  },
  "mk": {
    "639-2": "mkd",
    "gloss_source": null,
    "has_trf": false,
    "name": "Macedonian",
    "spacy": "mk_core_news_"
  },
  "nl": {
    "639-2": "nld",
    "gloss_source": "dbnary",
    "has_trf": false,
    "lemma_languages": [
      "nl"
    ],
    "name": "Dutch",
    "spacy": "nl_core_news_"
  },
  "no": {
    "639-2": "nob",
    "gloss_source": "dbnary",
    "has_trf": false,
    "lemma_languages": [
      "no"
    ],
    "name": "Norwegian Bokmål",
    "spacy": "nb_core_news_"
  },
  "pl": {
    "639-2": "pol",
    "gloss_source": "dbnary",
    "has_trf": false,
    "lemma_languages": [
      "pl"
    ],
    "name": "Polish",
    "spacy": "pl_core_news_"
  },
  "pt": {
    "639-2": "por",
    "gloss_source": "dbnary",
    "has_trf": false,
    "lemma_languages": [
      "pt"
    ],
    "name": "Portuguese",
    "spacy": "pt_core_news_"
  },
  "ro": {
    "639-2": "ron",
    "gloss_source": null,
    "has_trf": false,
    "name": "Romanian",
    "spacy": "ro_core_news_"
  },
  "ru": {
    "639-2": "rus",
    "gloss_source": "dbnary",
    "has_trf": false,
    "lemma_languages": [
      "ru"
    ],
    "name": "Russian",
    "spacy": "ru_core_news_"
  },
  "sv": {
    "639-2": "swe",
    "gloss_source": "dbnary",
    "has_trf": false,
    "lemma_languages": [
      "sv"
    ],
    "name": "Swedish",
    "spacy": "sv_core_news_"
  },
  "uk": {
    "639-2": "ukr",
    "gloss_source": null,
    "has_trf": true,
    "name": "Ukrainian",
    "spacy": "uk_core_news_"
  },
  "zh": {
    "639-2": "zho",
    "gloss_source": "kaikki",
    "has_trf": true,
    "lemma_languages": [
      "ca",
      "da",
      "de",
      "el",
      "en",
      "es",
      "fi",
      "fr",
      "hr",
      "it",
      "ja",
      "ko",
      "lt",
      "mk",
      "nl",
      "no",
      "pl",
      "pt",
      "ro",
      "ru",
      "sv",
      "uk",
      "zh"
    ],
    "name": "Chinese",
    "spacy": "zh_core_web_"
  }
}